<?xml version="1.0" encoding="UTF-8"?>
<form>

	<field name="plugin" type="list" default=""
		label="PLG_CONTENT_PRISMHIGHLIGHTERGHSVS_SUBFORM_PLUGIN"
		description=""
		filter="string">
		<option value="">JNONE</option>
		<option value="custom-class(*)"/>
		<option value="filter-highlight-all(*)"/>
		<option value="normalize-whitespace"/>
	</field>

	<field name="active" type="list" default="0"
		label="PLG_CONTENT_PRISMHIGHLIGHTERGHSVS_ACTIVE"
		description=""
		filter="integer">
		<option value="0">JNO</option>
		<option value="1">JYES</option>
	</field>

	<field name="configuration" type="textarea" filter="string" class="extended-width"
		label="PLG_CONTENT_PRISMHIGHLIGHTERGHSVS_SUBFORM_CONFIGURATION"
		description="" />


</form>