{
    "line-highlight": {
        "title": "Line Highlight",
        "description": "Highlights specific lines and\/or line ranges.",
        "noCSS": 0
    },
    "line-numbers": {
        "title": "Line Numbers",
        "description": "Line number at the beginning of code lines.",
        "noCSS": 0
    },
    "show-invisibles": {
        "title": "Show Invisibles",
        "description": "Show hidden characters such as tabs and line breaks.",
        "optional": [
            "autolinker",
            "data-uri-highlight"
        ],
        "noCSS": 0
    },
    "autolinker": {
        "title": "Autolinker",
        "description": "Converts URLs and emails in code to clickable links. Parses Markdown links in comments.",
        "noCSS": 0
    },
    "wpd": {
        "title": "WebPlatform Docs",
        "description": "Makes tokens link to <a href=\"https:\/\/webplatform.github.io\/docs\/\">WebPlatform.org documentation<\/a>. The links open in a new tab.",
        "noCSS": 0
    },
    "custom-class": {
        "title": "Custom Class",
        "description": "This plugin allows you to prefix Prism's default classes (<code>.comment<\/code> can become <code>.namespace--comment<\/code>) or replace them with your defined ones (like <code>.editor__comment<\/code>). You can even add new classes.",
        "noCSS": 1
    },
    "file-highlight": {
        "title": "File Highlight",
        "description": "Fetch external files and highlight them with Prism. Used on the Prism website itself.",
        "noCSS": 1
    },
    "show-language": {
        "title": "Show Language",
        "description": "Display the highlighted language in code blocks (inline code does not show the label).",
        "noCSS": 1,
        "require": "toolbar",
        "requirePlugins": [
            "toolbar"
        ]
    },
    "jsonp-highlight": {
        "title": "JSONP Highlight",
        "description": "Fetch content with JSONP and highlight some interesting content (e.g. GitHub\/Gists or Bitbucket API).",
        "noCSS": 1
    },
    "highlight-keywords": {
        "title": "Highlight Keywords",
        "description": "Adds special CSS classes for each keyword matched in the code. For example, the keyword <code>if<\/code> will have the class <code>keyword-if<\/code> as well. You can have fine grained control over the appearance of each keyword by providing your own CSS rules.",
        "noCSS": 1
    },
    "remove-initial-line-feed": {
        "title": "Remove initial line feed",
        "description": "Removes the initial line feed in code blocks.",
        "noCSS": 1
    },
    "inline-color": {
        "title": "Inline color",
        "description": "Adds a small inline preview for colors in style sheets.",
        "require": "css-extras",
        "noCSS": 0,
        "requireLanguages": [
            "css-extras",
            "css"
        ]
    },
    "previewers": {
        "title": "Previewers",
        "description": "Previewers for angles, colors, gradients, easing and time.",
        "require": "css-extras",
        "noCSS": 0,
        "requireLanguages": [
            "css-extras",
            "css"
        ]
    },
    "autoloader": {
        "title": "Autoloader",
        "description": "Automatically loads the needed languages to highlight the code blocks.",
        "noCSS": 1
    },
    "keep-markup": {
        "title": "Keep Markup",
        "description": "Prevents custom markup from being dropped out during highlighting.",
        "optional": "normalize-whitespace",
        "noCSS": 1
    },
    "command-line": {
        "title": "Command Line",
        "description": "Display a command line with a prompt and, optionally, the output\/response from the commands.",
        "noCSS": 0
    },
    "unescaped-markup": {
        "title": "Unescaped Markup",
        "description": "Write markup without having to escape anything.",
        "noCSS": 0
    },
    "normalize-whitespace": {
        "title": "Normalize Whitespace",
        "description": "Supports multiple operations to normalize whitespace in code blocks.",
        "optional": "unescaped-markup",
        "noCSS": 1
    },
    "data-uri-highlight": {
        "title": "Data-URI Highlight",
        "description": "Highlights data-URI contents.",
        "noCSS": 1
    },
    "toolbar": {
        "title": "Toolbar",
        "description": "Attach a toolbar for plugins to easily register buttons on the top of a code block.",
        "noCSS": 0
    },
    "copy-to-clipboard": {
        "title": "Copy to Clipboard Button",
        "description": "Add a button that copies the code block to the clipboard when clicked.",
        "require": "toolbar",
        "noCSS": 1,
        "requireVendorJs": "clipboard\/clipboard",
        "requirePlugins": [
            "toolbar"
        ]
    },
    "download-button": {
        "title": "Download Button",
        "description": "A button in the toolbar of a code block adding a convenient way to download a code file.",
        "require": "toolbar",
        "noCSS": 1,
        "requirePlugins": [
            "toolbar"
        ]
    },
    "match-braces": {
        "title": "Match braces",
        "description": "Highlights matching braces.",
        "noCSS": 0
    },
    "diff-highlight": {
        "title": "Diff Highlight",
        "description": "Highlights the code inside diff blocks.",
        "require": "diff",
        "noCSS": 0,
        "requireLanguages": [
            "diff"
        ]
    },
    "filter-highlight-all": {
        "title": "Filter highlightAll",
        "description": "Filters the elements the <code>highlightAll<\/code> and <code>highlightAllUnder<\/code> methods actually highlight.",
        "noCSS": 1
    },
    "treeview": {
        "title": "Treeview",
        "description": "A language with special styles to highlight file system tree structures.",
        "noCSS": 0
    }
}